,f1,f2,f3,f4,label
0,1.25507616783,2.76912905825,4.41419468904,-2.62745538339,1
1,9.23343293202,-11.1640873167,-2.67783428458,3.87061328675,3
2,9.87552318704,2.61446131742,-10.3538408433,-2.51889673717,2
3,9.07383257798,2.42858974919,-9.51505128267,-4.18491322229,2
4,-0.523079937723,3.46536223652,3.19841383549,-1.2183552455,1
5,10.45239401,2.24234241182,-8.20029426229,-1.43131587758,2
6,9.82224838053,2.51978034186,-9.74114461526,-3.20358365955,2
7,0.688218221795,2.2151945814,5.68456088331,-2.22275369024,1
8,4.66368015562,-10.7123886535,-9.05691901908,-3.57419933813,0
9,9.6123254927,-6.75182432235,-0.997797191774,1.82983669177,3
10,8.61727196861,2.40414875112,-11.57103824,-0.722954781934,2
11,9.8211881198,2.03849557049,-9.5938552835,-4.48923381411,2
12,1.57721039109,2.59511417212,2.7581963227,-3.03264169605,1
13,0.570131286558,1.9928044414,1.71848530535,-3.45747237889,1
14,10.1651727239,-8.97648746825,-1.88833267666,2.85228363842,3
15,4.49586871742,-7.41340588514,-8.05936924946,-3.63989019003,0
16,4.7251742418,-10.5277377294,-8.15774535175,-3.29879211906,0
17,4.16198376241,-8.07524909421,-7.82082627757,-4.11737148728,0
18,7.0446872362,-7.53313442161,-2.49230492702,4.45680211332,3
19,8.99078757546,0.25163298395,-9.91991248014,-2.24131603321,2
20,5.95389933973,-8.64944304493,-8.30300691066,-5.29502267436,0
21,4.77247405501,-8.98927723014,-5.94571834766,-5.29792631135,0
22,9.31162480718,-7.6427630059,0.142964313522,3.65200288827,3
23,7.53169259544,-7.08241349209,-1.94220972512,3.91606475587,3
24,10.2705267452,-8.38823160447,-1.97577784075,4.21437814347,3
25,-0.689002045017,3.53788479041,3.94118874868,-1.78274574102,1
26,2.43058772615,-10.311312052,-6.67666030022,-2.39656491014,0
27,5.64733903088,-8.21422471047,-6.79667429178,-5.31446771325,0
28,2.01058061352,4.38569937214,2.78183154364,-2.25887003903,1
29,3.32255704997,-9.71047275821,-7.91804236093,-6.58207290182,0
30,-1.00395820329,3.07784342097,3.99866613845,-3.44396902665,1
31,3.21614093951,-8.83435205156,-7.50706788446,-3.27282654419,0
32,0.348340894143,2.16374034416,3.87480663677,-2.36794460643,1
33,11.8286623727,-9.16614643768,-3.25393633772,3.05834553372,3
34,8.79629008282,-6.37303451758,-0.760653219828,3.70104249696,3
35,-0.299651024429,3.15124240745,2.75929065443,-2.25100768976,1
36,11.435322462,1.67978192123,-9.34956833892,-3.48382141583,2
37,6.37854071941,2.67051401709,-9.32789046088,-3.49528180986,2
38,1.51162241104,1.31097355771,2.86215916012,-1.98797393285,1
39,9.02535762035,2.64069030865,-9.90055553304,-3.00920662546,2
40,4.13555475731,-8.1338190017,-8.12189253289,-2.6039321352,0
41,9.8416732274,1.24648125339,-9.73391124661,-1.42021879842,2
42,4.89349751072,-9.4110325961,-7.18606658412,-2.96015544628,0
43,4.58805705018,-10.7545354435,-7.9010021715,-4.56854943569,0
44,9.20143029544,-8.7641253054,-0.923996255469,3.9249428108,3
45,8.07502885969,-8.15511083692,-0.494764887179,3.04332845811,3
46,0.435433476715,2.5336302536,2.95642257349,-0.703622726231,1
47,5.30684803001,-9.05170495369,-7.33568545694,-5.39801992679,0
48,5.78254699624,-8.68513953819,-6.42739950967,-4.83507746756,0
49,8.46224128672,0.948195891968,-11.0178606721,-1.79434513208,2
50,5.25724570278,-10.5690331226,-7.63185470406,-3.57832054475,0
51,0.740960900184,4.85321822291,3.88999217063,-2.19188552368,1
52,-0.0803227370329,3.71837859509,2.52618268132,-1.48965516633,1
53,-0.999622763447,3.16470634922,3.43462447888,-1.65384918592,1
54,7.77522430717,-10.4161138424,-1.7808686005,2.18024854396,3
55,-0.0909308574151,3.38683138942,3.51532702064,-3.08881738314,1
56,4.5376295913,-8.5875118301,-8.2625563296,-5.00671321745,0
57,7.87309042373,-8.33801321425,-1.65640068184,1.58045881954,3
58,9.79132714193,-8.05949027124,-2.53639768732,2.59060949066,3
59,5.25469048363,-9.62319288451,-6.38923695874,-4.00791672972,0
60,10.0963823816,-7.59850421917,-2.55064518799,3.61803072239,3
61,-0.530801446351,1.88278532721,1.94946521196,-4.30488849741,1
62,8.73936525983,1.16239102259,-11.1095269294,-3.13887047078,2
63,0.977138633985,3.71314236679,4.49127684861,-3.10037143276,1
64,0.34171370184,3.42111634983,2.2690029438,-2.08824201032,1
65,7.36784044075,-8.28251572853,-1.08736554937,4.15416663724,3
66,0.520378976368,2.43169425303,3.55782490424,-2.15205718207,1
67,4.87870575379,-9.72128167176,-7.02542734062,-4.09775647296,0
68,0.0589177417857,4.2617825203,2.33278243565,-1.49882753135,1
69,5.80454115719,-8.83818375892,-6.21728275036,-3.48166663928,0
70,9.41305769673,2.83987669935,-10.2605019743,-2.43978108443,2
71,-0.771374391372,3.78733019246,2.43278244227,-1.22342996162,1
72,1.14688617176,3.15390137139,3.56342205371,-1.57209214072,1
73,8.70312284455,-6.71004099395,-1.8367122054,3.20399118218,3
74,1.34904573391,4.53989760752,2.76689118615,-3.94193342194,1
75,4.07000541632,-10.3859303612,-7.49186201168,-3.77698307844,0
76,10.6478002428,-9.80109082398,-2.22231921139,3.20882987304,3
77,0.0223347520401,3.18840542162,2.17370354625,-3.2247808287,1
78,10.003929618,0.718365680839,-9.15560086283,-2.12938274181,2
79,7.81157172027,-9.01541925143,-3.08022060464,3.57708015624,3
80,1.04627214803,4.92553170985,2.50383070151,-1.51447607604,1
81,5.74013980003,-10.2683621078,-8.28905707791,-1.18802868177,0
82,10.0082960013,-8.17357493436,-1.9810816497,2.9638643606,3
83,0.799072536284,3.66060027912,1.88109858341,-0.985428596591,1
84,8.64150103135,-8.79095306116,-0.147036245255,1.3535671732,3
85,-0.589879889313,1.79219048507,3.74014982631,-2.54552958786,1
86,9.01941162791,-7.97277317059,-2.17632276151,3.30032195701,3
87,4.92627165069,-9.34527568935,-7.04446245391,-2.75672653357,0
88,8.77262752515,-7.62656347056,-0.745533558163,2.7697316509,3
89,0.792025654672,4.21688770768,3.65522451043,-0.796004586366,1
90,5.33450941497,-9.33995365648,-8.60435943606,-3.22196038883,0
91,9.00872156131,1.29177274006,-12.3467232696,-4.08884333178,2
92,5.70533076736,-11.7235967466,-6.76555073173,-4.82104831976,0
93,10.3299918481,-9.99719002338,-0.825239774199,5.15368445336,3
94,10.4438881799,-7.47768155021,-3.09234419833,4.39711300418,3
95,9.27954985392,-8.47583246276,-2.51864423942,2.78154661798,3
96,6.26287418169,-7.40210081167,-1.16763044184,1.17190501762,3
97,2.83000970237,4.34172568181,2.62895002877,-2.2310916814,1
98,7.73827177368,3.67707795272,-10.4534105841,-2.42566126846,2
99,8.05524259778,-9.02489540275,-2.03657343167,4.04249967365,3
100,9.24575312596,-8.76444223988,-3.31216945903,2.6593547233,3
101,9.11657922295,2.22529415466,-7.94229938176,-3.05111574209,2
102,1.1050571636,4.17592843279,3.60597323963,-1.35236275889,1
103,5.5607982303,-9.75735257795,-7.75495786756,-5.21342300377,0
104,9.58016786895,0.830862034069,-9.09249052491,-3.00425444197,2
105,9.5651755237,-9.6343489962,-3.20519104802,2.85569227334,3
106,4.73077575949,-9.99593006021,-5.97121314506,-3.77146750444,0
107,9.64012157245,-6.80068732427,-1.02852048137,2.49617533275,3
108,1.53520288452,5.8954487248,2.38750597184,-1.2379853111,1
109,-0.338406140461,4.71020650056,3.40192960743,-1.66038573322,1
110,11.0078042511,-8.76103910265,-0.752061296498,2.45338507149,3
111,-1.5062316496,4.81400817616,5.76202981087,-1.98660871081,1
112,1.17940725031,3.39616539109,2.56058633796,-3.38791263908,1
113,4.31549158241,-9.79177461284,-7.27339319984,-4.70451740038,0
114,1.30927284276,3.76459965897,2.70608164572,-2.49776596671,1
115,10.208523611,-8.88009652684,-2.7860880205,3.16715938227,3
116,7.51932749859,2.75350391663,-9.79203714372,-1.93529070813,2
117,7.21934005589,-7.37151728299,-1.6786803846,4.73201857131,3
118,3.92677982521,-9.27597675437,-7.03671138241,-3.65250142761,0
119,-0.477707119403,3.17803536903,4.06900759935,-2.44450194507,1
120,7.91270608271,-8.93240261823,-2.79907011251,2.49514951027,3
121,4.73334594986,-10.6151327476,-7.52404872422,-2.98369790842,0
122,8.45840242507,1.4905498087,-8.40408586811,-1.33207121359,2
123,8.69417791541,-7.80387978749,-2.70847647548,3.76221722083,3
124,8.80627993788,-9.83758290166,-2.46664919673,2.8088810027,3
125,4.09194920539,-8.31321482855,-8.57236495059,-4.74037824245,0
126,3.52559064911,-10.6191295462,-7.91881758572,-3.31863690499,0
127,8.38570245622,3.26440647192,-10.1422852317,-4.26834447459,2
128,9.71139109416,0.80119604088,-9.92326797494,-2.67437001374,2
129,9.77965261353,-8.85344261014,-2.77419164491,2.39881521652,3
130,2.74280370296,-9.09686024279,-9.46267921916,-3.93537480292,0
131,9.47166066135,-11.7984752311,-2.42141114193,2.27681599952,3
132,9.46886009667,2.13209445345,-8.93710223016,-2.77181959074,2
133,6.03386659601,-10.1642081175,-7.78442555396,-4.49335752961,0
134,0.603481197324,4.4144685807,3.33787955046,-3.83827366642,1
135,7.08579498889,0.988450000752,-10.0541300085,-4.62513352897,2
136,3.46560237304,-9.13064557981,-7.75683435499,-2.28319624107,0
137,8.53588029772,1.31971265947,-8.57378554859,-1.55230503025,2
138,9.16447125007,2.76632361184,-11.5528276181,-2.16902861187,2
139,8.99077327089,-9.9569403829,-0.261928299119,4.12245821192,3
140,10.1421972371,-7.36633072472,-2.05211745681,2.02081845977,3
141,9.83996223539,3.11911780985,-9.19105963715,-3.45009408848,2
142,9.30788138023,-10.836415477,-1.49928189159,2.53355520137,3
143,8.99352953315,-8.69875796093,-0.589685413812,1.44405829555,3
144,0.217573061039,3.77265881212,4.56935577918,-2.82045177809,1
145,3.57725249376,-9.11257497677,-6.65582894547,-4.17575937117,0
146,8.90767705873,-10.1371999862,-0.320591862963,3.25092698495,3
147,10.8570125235,3.24977766846,-8.72240800546,-3.27820094547,2
148,0.758231311886,2.82011185087,5.52384482938,-2.80946362471,1
149,-0.340191003674,3.80351410552,3.52353018406,-2.81871219713,1
150,9.37450426346,2.87697590975,-9.39972847054,-2.47941051487,2
151,9.71580915815,3.35502407482,-9.29745568656,-3.11756132476,2
152,9.62116185118,1.88664160343,-9.70112034146,-1.4603995888,2
153,8.90195892484,-10.2914767399,-1.8095251723,5.48977942697,3
154,4.85517361892,-9.24310941453,-7.25734691278,-5.81327557303,0
155,0.908614925495,2.46426129695,4.0026879503,-1.29529247647,1
156,-0.705521409176,2.20645920488,4.23093362581,-1.85220013111,1
157,0.644737929321,1.69107310306,1.23187727814,-2.80383696733,1
158,10.2457746586,1.83445197526,-8.88173282394,-0.9400001557,2
159,6.02694947365,-7.28892814631,-1.47233341486,3.4051397263,3
160,7.93379802138,1.25719322027,-10.1471208717,-2.99622727205,2
161,7.81919870841,2.89379956499,-10.699212818,-4.48901060109,2
162,4.6363567261,-10.3306354755,-8.20816986396,-4.95253033539,0
163,10.2052654953,1.74390177329,-8.91289109532,-1.79432418024,2
164,10.1753116881,-7.71582142968,-1.04060511336,1.95577188426,3
165,4.72380280673,-8.7189380199,-9.31293203605,-4.21255416785,0
166,9.71066499544,1.62993510117,-8.1589601394,-0.551511248725,2
167,0.182733566858,4.77786999583,4.81304284155,-2.74572870202,1
168,0.848145553919,5.05672519852,3.80204038698,-2.60866336978,1
169,8.95094801485,0.624907130049,-8.56772527404,-1.55217423318,2
170,3.98725637392,-10.0126239529,-7.71993828567,-4.83401795497,0
171,8.73979886187,1.98597986725,-10.2860519973,-3.1557166099,2
172,4.07120655425,-9.04039032922,-7.76941502283,-5.76587523225,0
173,10.3544018725,-8.62340965358,-0.445193373477,3.64675929519,3
174,9.59570560617,-9.62455827917,-2.748288327,3.53796982412,3
175,11.5000564899,2.81482008745,-7.7364857593,-1.4818822423,2
176,1.43277190809,3.71813025507,3.79277380577,-2.81435651899,1
177,2.09045847299,5.08409045633,1.60857212127,-2.97123438796,1
178,0.784635988574,3.27931697333,4.32346648644,-3.31956308175,1
179,4.48586577578,-10.0557638442,-6.57804004008,-3.86499325151,0
180,6.59101303025,1.90157595367,-10.1678220585,-2.76544134433,2
181,10.3920427841,0.820288346521,-9.96592945154,-2.81388459638,2
182,7.8512973149,3.47796056558,-11.0376991776,-3.95892349859,2
183,8.35357845771,1.62748668085,-9.13742239184,-2.83268141589,2
184,8.68819763393,-9.48712661615,-0.246407448189,4.62600813246,3
185,9.53398773451,-8.04601372081,-1.7060834234,2.8381729201,3
186,5.13517494913,-5.74317001762,-6.91975102504,-3.9640792623,0
187,10.2871085402,2.53568105115,-10.320710756,-2.38909730039,2
188,-1.10687986362,1.6846270495,1.88790654714,-1.86672407744,1
189,4.5395915045,-10.4070487726,-7.27273939322,-4.54869386774,0
190,0.370227503824,3.28263784952,3.54568566465,-3.73306647057,1
191,8.41537024602,-8.93804009942,-1.95388700619,3.82691594997,3
192,3.41467396885,-9.17371234438,-8.25993825599,-5.00697829472,0
193,9.94706387576,2.18071236091,-10.2601323877,-2.52951234311,2
194,0.537231738364,3.57399207409,2.65462002885,-1.08264133281,1
195,4.82869340817,-9.38932515502,-6.33034682497,-4.66794513015,0
196,10.4090266143,-9.09152338161,-1.41552627967,1.93565280251,3
197,1.82204740197,4.87655756028,1.88334629548,-2.81108898394,1
198,-0.211645601807,3.70251590614,0.894247276887,-2.65450520554,1
199,6.09344397644,-9.68400343018,-6.54850841125,-6.0020931977,0
200,6.00914690449,-10.3128513159,-7.906036178,-5.2204721896,0
201,0.139401134788,3.32437027656,5.18005987868,-1.54198767757,1
202,5.33779667838,-9.62983918176,-9.13321086532,-4.91108939193,0
203,6.81752500867,1.91216292218,-9.65703197363,-1.57755626253,2
204,9.65850725695,-7.53672881436,-0.585878440597,4.17334953422,3
205,10.8007740665,1.44844233675,-11.1850408375,-1.97867230716,2
206,7.94489232662,-9.55709653217,-2.93191022422,3.70111190131,3
207,4.34000880387,-8.67435395511,-8.13304913875,-3.73297261767,0
208,0.544283520385,2.34789779361,3.90374603598,-2.28311113013,1
209,8.0428601644,-7.10944157888,-2.13212239297,2.04670111199,3
210,8.22754260116,2.4230038483,-9.3769343449,-3.53275413176,2
211,9.70062094455,-9.6403574451,-2.02231106441,3.00248307572,3
212,11.4935789516,-7.99670453325,-2.57306967639,3.54355657561,3
213,4.71077058055,-8.12752388329,-8.5026956343,-3.5633300954,0
214,-0.610375041447,4.53042318379,1.29682643349,-3.95210837948,1
215,8.42075177403,-8.30437790088,-2.34224657219,3.57280631115,3
216,-0.674182790487,6.0983428113,4.3288020088,-0.23944967865,1
217,4.10521478703,-9.45068590503,-6.43600591542,-5.64352387209,0
218,4.05452268196,-10.1319951465,-7.43852594813,-4.24903146068,0
219,0.573768312933,3.42460394705,3.60594213098,-1.65999850877,1
220,4.81793224264,-9.63164819165,-9.34137929537,-4.44103849941,0
221,4.12657552358,-9.62166294686,-9.48701675446,-3.5084159072,0
222,8.2164588091,-8.70725476525,-2.49360236117,6.30975555968,3
223,9.56999528402,-10.2982031003,-1.17675300756,3.94759141158,3
224,9.49690419093,-0.289410687106,-9.03433398282,-3.03044812125,2
225,4.22654226965,-10.7186836955,-6.97982147123,-4.40344304031,0
226,0.883059261348,4.57561417085,4.00206682827,-2.68663457291,1
227,6.84803075722,2.59873827531,-8.9184020327,-2.75115661512,2
228,5.16695834178,-9.28489233517,-8.08044034983,-4.3492645266,0
229,1.08175017197,3.06297828689,2.86708322868,-2.14338863486,1
230,0.994233843682,5.20658725173,4.6558133284,-2.00666637376,1
231,8.30645234879,2.78666452043,-10.2156647508,-2.63228842881,2
232,-0.723411284296,2.27506589063,2.36965276417,-2.54063894066,1
233,8.46809379604,-9.54829661171,1.23783714681,4.2398978416,3
234,3.94657708896,-8.31320693566,-6.54390976761,-5.47893510261,0
235,8.84445726378,-7.52944216464,-2.20673480946,2.79847759362,3
236,10.5883237403,2.81527427733,-9.59619656054,-1.09483282049,2
237,4.03503128393,-9.45923410846,-7.53343592369,-3.19946776345,0
238,6.1439631187,-7.63056584367,-7.60341090506,-4.16942594443,0
239,9.57067021497,3.14436417819,-8.74023214439,-1.15340683638,2
240,9.0322303092,-9.34023957737,-1.82460663815,6.10614658748,3
241,6.10261082737,-8.83250547785,-7.73416667663,-2.78742512722,0
242,1.10027524523,4.05532133151,5.195525901,-1.73208869505,1
243,6.1796488611,-10.8631214763,-9.03417918145,-3.23867953527,0
244,8.00520963158,0.0778924536621,-10.8194403199,-1.69686641661,2
245,8.04105230507,-8.48894469377,-1.13181234914,4.58925562667,3
246,0.0111295204543,4.66437207897,2.99467609035,-3.47693059044,1
247,-0.324152829866,4.27153292686,3.36611386103,-2.37594523991,1
248,11.2290181427,2.43259224616,-7.61741468627,-3.44056492169,2
249,7.98093730784,-9.1747188402,-1.5570631999,3.73029698366,3
250,7.39406150091,2.56038950208,-9.41535631578,-1.62843151637,2
251,9.2146344306,2.43811982725,-6.90889643348,-2.19836043826,2
252,-0.279171191386,2.44796294796,3.26422107049,-3.32099598325,1
253,-0.309959252085,1.45811920828,2.73697012153,-1.76187731126,1
254,7.81001545687,-8.189825439,-2.50961328538,2.19951227593,3
255,8.35491298775,0.474273192858,-9.09160340107,-1.79285511246,2
256,0.0570254562671,3.45440208598,4.15162231566,-1.50383292096,1
257,0.70646561508,3.49437833175,2.92301092838,-2.81320858302,1
258,0.563572510857,4.40141196339,4.31321384506,-2.52074824048,1
259,11.3474583981,2.02611530146,-8.71607127733,-3.17874400848,2
260,5.51696908959,-11.0073363594,-7.0485617809,-6.60206616397,0
261,0.19677247172,2.81595608382,4.79572563609,-1.9385592952,1
262,3.50240314831,-9.59658750425,-7.39016267815,-3.59341040408,0
263,10.1490180265,1.7133280662,-8.10420853842,-2.0033228428,2
264,10.449742143,1.80860815104,-8.58178052855,-3.53690540383,2
265,0.89000690839,2.04894945212,4.10837391378,-2.13471195175,1
266,-0.0694710276613,2.33309197677,3.34401459647,-3.42793560955,1
267,8.18941961608,2.95275498088,-8.19956356762,-3.143508199,2
268,4.6354918208,-7.35820536927,-7.71330788628,-3.71811680363,0
269,8.78827808313,2.41555179411,-9.84919482061,-3.51271206267,2
270,3.59738405673,-9.96959744131,-7.95588102591,-5.41156664005,0
271,3.87271179349,-8.74160552318,-7.72330558409,-2.16327482286,0
272,5.32929675717,-9.03332980011,-7.3400985308,-3.6474360027,0
273,-0.967509744852,1.49971666374,3.32780503999,-0.48696345501,1
274,4.02463978882,-9.66194765963,-8.13495937475,-3.22932555236,0
275,6.13181220003,-10.391795171,-7.53663516711,-4.31209450788,0
276,10.9013123231,1.63973499881,-9.39452948961,-1.7580367389,2
277,4.72045725718,-9.94342623083,-8.52872785432,-4.53971734543,0
278,4.12692670814,-9.56252342891,-9.29207891901,-4.31654551321,0
279,7.77543319836,-8.84887183602,-2.53887615696,4.26933700246,3
280,9.13574232863,0.182913967567,-9.02358617868,-2.41772096361,2
281,8.61803478511,1.31456416014,-10.7343703963,-1.09105541269,2
282,8.47047126661,2.77185237448,-10.175560245,-2.79046087108,2
283,6.58339517649,-10.860685481,-9.61995525339,-6.08261067382,0
284,9.30857909148,0.726017776045,-10.0351813791,-1.91298479033,2
285,3.6094629098,-9.86174294754,-7.53793120882,-5.43540437392,0
286,9.38142162476,0.50027807842,-9.55367852387,-1.33684188529,2
287,2.85729716111,-10.7854793415,-6.36104315147,-4.10540008133,0
288,8.46230733859,3.26107249496,-8.67564905104,-3.10387284239,2
289,0.961673407155,3.17250743486,4.14171808302,-1.34968381542,1
290,6.93052781659,-9.36170676981,-8.45839585213,-5.26321643546,0
291,9.97921054703,-7.47076530272,-0.567251304461,2.78758954624,3
292,7.64868585972,-9.77497996038,-1.88473138955,0.88426467625,3
293,4.67807017824,-10.3689562459,-9.3261843081,-5.58586583211,0
294,3.43999376164,-9.57740106583,-7.7328313075,-1.89654095054,0
295,8.46250245976,-8.79922160993,-1.25737223116,4.20438545184,3
296,5.80228677537,-7.67091355917,-9.18616956327,-3.18985083597,0
297,5.72164570414,-10.26746423,-6.8665762935,-4.72819395331,0
298,0.723928175469,4.44729571209,3.10317284274,-1.42772065763,1
299,2.2305266113,2.32264268727,3.64308916574,-0.843223192453,1
300,8.25312619181,-9.40199143294,-0.888586434535,4.57772742295,3
301,5.64095103224,-9.56255421766,-8.18498926602,-5.87513589526,0
302,-0.208340154003,3.15584914885,5.29039692694,-2.60806890417,1
303,5.71635095202,-10.6734665627,-7.18273365322,-3.51298342169,0
304,10.871314433,2.78091613196,-10.1748357818,-1.65259944541,2
305,10.5029252096,0.975425993529,-9.15452245152,-2.72111939061,2
306,8.62546636841,0.887724446706,-7.20743992645,-1.80778993084,2
307,8.40184543943,-6.87239699205,0.108426634054,3.18811464195,3
308,7.88887352476,1.27396818859,-10.0526598011,-1.02377863492,2
309,9.21714797143,2.39202178218,-9.9324795755,-3.47481843505,2
310,-2.02972446272,5.23733344544,4.68575007802,-2.47050760845,1
311,4.35945871041,-7.25816759002,-7.36243754801,-3.39109226348,0
312,-0.454804616489,2.74280269827,3.34865776991,-2.44443256194,1
313,4.31178580047,-9.45557298055,-7.81829014143,-3.60735438078,0
314,7.73395963629,0.638610931972,-11.2220680323,-1.69526075159,2
315,7.99247154083,2.70374466888,-10.4544047269,-1.88341045365,2
316,7.95402831335,-7.99641302777,-0.997359808031,3.88946811674,3
317,8.45394801422,3.57673415515,-9.23885182694,-2.31214699473,2
318,7.79837666446,-8.56044049735,-1.50047305821,3.7566195594,3
319,3.95731394189,-9.77194494934,-8.5393664985,-5.423075305,0
320,4.06211767623,-8.51632086212,-9.48383930469,-4.45260577456,0
321,11.04639484,-5.69473780237,0.552662755949,4.55785460986,3
322,7.41039622954,2.97925617138,-10.0713161908,-3.09953155364,2
323,4.99018150668,-8.700202081,-7.2511470619,-5.60040138144,0
324,9.24114023994,-8.33369471497,-1.7645823724,3.96966117032,3
325,0.55049563352,4.30475551066,3.4492987635,-2.79042994735,1
326,10.4888132829,-7.33680319763,-1.26466791872,1.90235172817,3
327,-0.00312007505121,2.33817021403,2.47489013396,-2.39984684087,1
328,10.4553099426,-9.43994038807,-0.360281307995,4.48766379209,3
329,8.49306494456,1.2308836838,-8.50526743143,-2.53470410039,2
330,9.05447491656,-9.82225146487,-2.30000261602,3.25827344101,3
331,-0.177941827116,0.696497008608,5.0782261026,-3.07543934434,1
332,8.28354395775,-0.560531126846,-10.1600507083,-1.0483474101,2
333,8.00014340783,-9.41647765561,-2.65176704901,2.33334580844,3
334,9.55964210154,2.02488242418,-9.26464973517,-0.109569423781,2
335,4.90841046307,-9.8702399796,-6.99870292316,-5.07387215642,0
336,7.68744551788,-8.64666498942,-1.45127750598,3.33255268558,3
337,5.58481137827,-8.77328795924,-7.19294018778,-3.64447997085,0
338,9.96469166066,1.78736475413,-10.7876779374,-1.8116035688,2
339,-1.1741858998,3.86561194525,5.28161220432,-0.4597664735,1
340,1.2745518467,2.42998762835,4.45169725034,-3.24319408337,1
341,7.8602039646,-9.31922902696,-0.815175038497,3.1931457005,3
342,0.402583441491,5.04097186497,2.93800932188,-2.59785958133,1
343,6.30146290976,-9.60294904176,-6.83915174967,-5.37854384327,0
344,0.0606590525121,2.62634407998,4.59552075116,-3.06856728131,1
345,-0.353336587131,3.19711939351,1.81304339861,-3.81286315777,1
346,4.20354344709,-10.9028022967,-7.35171176039,-5.14065935155,0
347,9.12374287762,-10.1887218783,-0.977087195099,2.83182659958,3
348,9.09835472633,1.22561989055,-10.2483836005,-3.40484090877,2
349,9.19416331957,-8.20714336586,-1.48486029883,2.74832802082,3
350,8.63247131611,1.74012964135,-10.5576867681,-3.61831709305,2
351,9.61890663191,2.93340628522,-9.09123067514,-0.867649311443,2
352,7.5374623481,1.20474818042,-10.5840531124,-2.4644312482,2
353,0.0204263371152,2.75752452174,3.31068763449,-1.74052978251,1
354,6.36214811612,-9.87191134207,-3.00761526976,3.39360406299,3
355,10.5137750718,-7.32018853464,-1.38675330936,2.95421741324,3
356,8.83930229179,1.69205634592,-10.9793728897,-1.35084347668,2
357,9.59316765442,1.73748200657,-8.14621731594,-5.07375834248,2
358,1.30583260349,3.31463726468,1.82834744934,-0.956273724983,1
359,3.00155257821,-8.02430702757,-7.8805943541,-4.93608300489,0
360,8.83631924828,-8.93439446079,-1.77270215961,4.86055974448,3
361,10.9156991388,2.82168631898,-9.03278820387,-3.18219661038,2
362,8.57243494953,2.35247069246,-8.73764214138,-2.88981019304,2
363,9.09608458089,2.96074324277,-10.7045755478,-2.99150206453,2
364,-0.31645914376,3.05704051411,2.56746401976,-2.26678515379,1
365,10.6425022924,-8.47872947818,-1.40826443226,2.68855707777,3
366,6.86644156612,-9.43160697504,-6.77322693049,-3.15978176152,0
367,5.11301444582,-8.39613699274,-8.44928267371,-6.09433357879,0
368,4.81446519853,-10.8305500627,-6.97325936986,-3.98495243323,0
369,10.4814526981,-9.76670371734,-3.29121792128,3.30149780874,3
370,0.549789382069,3.01445295173,2.38359006531,-3.63248044434,1
371,5.103400809,-10.9960785203,-8.13101689462,-4.00499647001,0
372,10.0800745805,1.00689749851,-9.70433666818,-2.84029461861,2
373,10.0540234991,2.17332312954,-8.7840280281,-2.57048558386,2
374,6.29369538011,-7.9429643868,-7.94321389781,-4.82072925427,0
375,9.64558998381,-8.69280397261,-0.207863095702,5.55831928846,3
376,-1.28461825337,3.73349772174,2.27033807034,-3.21415365707,1
377,9.65134318069,0.613169984552,-8.58828694144,-2.4182902242,2
378,-0.641594748168,2.50627896554,2.23322754176,-1.74598969572,1
379,4.24084239181,-10.1838423651,-7.75568719526,-2.65360445138,0
380,-0.180687556048,2.90126059125,3.85030222935,-2.2397111363,1
381,8.2674310452,2.05747962368,-8.30669111948,-2.93792954722,2
382,0.991598328561,3.99825153781,2.11875036667,-3.40717325993,1
383,2.72012789524,3.08897282879,2.84456868615,-3.60745898643,1
384,9.12974946245,0.587088011383,-9.24570867939,-3.40589471595,2
385,10.4126694857,1.39830370687,-9.6632738392,-2.43088592239,2
386,10.7612072826,-0.750213102188,-7.5756867133,-2.5204341034,2
387,2.45963702582,-9.74832488785,-7.17077689341,-4.91442432752,0
388,8.91812523257,-8.32125623718,-1.16794741014,4.13292778522,3
389,6.75028556193,1.72664865287,-9.23714109309,-2.18721865099,2
390,1.40234494308,2.28897352566,3.48795780327,-1.36928944708,1
391,5.63869394588,-9.50280795482,-7.68424468895,-5.4884486438,0
392,3.86464066436,-10.4863554022,-9.19445712752,-3.54770163475,0
393,8.92153775199,2.42870891397,-9.67672569379,-1.88126360526,2
394,1.72332169169,3.39581069266,4.86228769878,-1.73686690335,1
395,9.43795360773,-8.47514959976,-1.89699294613,3.25160807205,3
396,5.80038847781,-9.5000787811,-7.89603958453,-2.64424832065,0
397,6.7606260506,-7.90651695932,-7.58971645812,-2.94873334984,0
398,3.53284760339,-8.35318508507,-7.81274266583,-3.23291233792,0
399,3.52077279975,-10.9130760633,-7.296049968,-3.15957011215,0
400,10.8985091689,-8.53290745411,-2.83786876522,4.41262579661,3
401,8.77985013809,-9.76165847019,-0.687966596583,2.20979148717,3
402,9.81238564458,2.15261778458,-8.2780671265,-2.69065299955,2
403,4.20025593201,-9.23734177407,-7.71074654216,-3.62157125591,0
404,9.11001634239,-9.44017099352,-3.45405570923,4.25406763469,3
405,6.32530910299,-9.32181093775,-8.60512601908,-5.85866948887,0
406,-0.12043868794,3.90017825946,3.6929467951,-1.38905784682,1
407,3.22845233422,-9.18722129478,-7.44212229488,-4.55187036553,0
408,8.21555861478,-9.73705716936,-0.421442874395,4.05965516954,3
409,9.49079013782,2.21275220783,-8.68105766828,-2.41365730455,2
410,9.5534232967,-9.98693167197,-0.231906995026,1.62190931079,3
411,7.4194566859,1.18111041461,-9.76466311267,-1.98532623838,2
412,7.39339041834,-8.93691893877,-2.70065163073,3.63173312897,3
413,8.44614968175,-8.41261742347,-2.06204213704,3.92013821674,3
414,4.83900546455,-7.77963691221,-7.80240129811,-4.61413744506,0
415,7.85899660399,2.25277675966,-8.61089040982,-4.15862658792,2
416,8.61927739824,-7.65410941245,-0.701271544188,3.77610180648,3
417,8.22518335291,-9.00896586449,-3.00684718122,3.72765459837,3
418,0.263339627903,3.97750934044,4.33029575081,-2.39737262741,1
419,0.893240293197,3.91910917696,1.95099122567,-1.1172512485,1
420,9.44941442137,0.975765114297,-9.57349833618,-3.92111709789,2
421,9.07665645097,-8.12084644847,-0.838091046999,4.16837362918,3
422,6.39257056477,-8.95535370352,-6.27109527344,-4.80615208382,0
423,8.48786646431,3.60699069761,-10.360369893,-2.29557337452,2
424,4.37789718606,-8.38528882579,-7.00027529797,-4.5604874121,0
425,8.54259259857,1.33096673838,-8.83120748816,-1.08289328067,2
426,9.12185431883,-10.0191736572,-0.780504858802,2.64426840806,3
427,9.31723033514,-7.63668261174,-1.89656664121,3.41869259672,3
428,-0.756640543658,2.70159005056,5.0364267998,-2.89787001191,1
429,3.77440016505,-9.13441827283,-7.9357784429,-3.85816384121,0
430,7.91492446835,-8.41691014679,-0.284843265859,3.491023257,3
431,1.06978882449,2.05604345259,2.60089991509,-2.88508106306,1
432,9.71271170734,-9.28512110454,-1.97780313691,1.73836750029,3
433,9.85666513146,0.942572495804,-10.2002823621,-2.27850118859,2
434,9.56933556238,0.970703602454,-9.74955719193,-4.31652903261,2
435,4.04015873708,-8.66980236202,-8.93026748252,-3.68297926901,0
436,8.80446100098,1.91540603361,-9.02281493596,-1.65255417261,2
437,7.3815862438,0.767635607862,-8.82141570479,-1.4496907168,2
438,0.846143845948,4.50649238184,2.96344418131,-2.3197943922,1
439,9.75570240324,3.34571122308,-10.2435188397,-3.24128378445,2
440,3.95428521985,-8.88502387401,-8.14004167734,-4.49776063198,0
441,-0.894481662649,3.32267893896,5.23266577639,-3.76977892427,1
442,10.605459261,0.270602955066,-10.2531185554,-4.27466044148,2
443,-0.0380541084269,3.92016001072,2.78134142878,-1.01708700728,1
444,9.39340950297,-8.44407666713,-3.43869070547,2.96295953925,3
445,8.58079266567,1.09811702502,-10.4936353852,-2.90247031476,2
446,10.1870176219,2.31203992997,-10.1185637475,-1.99938322933,2
447,4.81821279648,-9.63316931648,-7.7046711945,-4.79376814646,0
448,8.51105299996,-7.5243316838,-2.09399293055,3.21642864439,3
449,9.14664714889,1.09574394844,-9.93110019686,-2.03823252403,2
450,4.86418178939,-9.63159237544,-9.12033678008,-4.28749544942,0
451,9.89369603861,1.87923995032,-9.77031587171,-2.40863159482,2
452,9.36369898059,-8.73655326903,-1.2393128655,4.5248927007,3
453,8.91556398374,2.78306001545,-7.48946063615,-4.1240975187,2
454,1.61934105361,2.65846557348,4.36416922766,-0.78941817685,1
455,8.6578642016,-10.8114122685,-1.70504033665,3.214836198,3
456,8.12889067532,-8.92155965775,-1.21305445968,3.80447234653,3
457,9.91052073723,-10.1987977245,-0.955079147762,1.35512386011,3
458,4.98816643808,-10.0526068443,-7.27895920651,-3.62393795074,0
459,1.21447823225,4.55945879781,3.61670357547,-1.49340091235,1
460,9.53781382216,-9.23691309163,-1.57855200068,2.81132687049,3
461,2.88489958424,-9.58866743974,-8.76926989021,-4.66598814248,0
462,8.8098931856,-8.4159269265,-1.80529427396,3.95365080824,3
463,9.78561724172,2.43560756759,-9.95090899485,-1.75295909977,2
464,0.382485834709,3.63609620746,3.4233612321,-2.67930241104,1
465,1.09860000151,4.32473889046,2.33558898174,-0.978597756649,1
466,9.57269821281,2.36280501151,-9.9233268234,-3.81589957091,2
467,0.385106350884,3.67266608893,3.41790450615,-2.43649674029,1
468,11.0910774239,-8.84866755477,-0.735932893277,3.41410725408,3
469,0.503500580008,4.38079005407,3.24374471599,-1.85176268726,1
470,4.34943299102,-8.86250958558,-7.48387338956,-4.69942971351,0
471,0.790897025547,3.28492278948,1.23508946364,-3.35304722718,1
472,9.25942327996,-8.57122248037,-2.93776519129,6.03051456192,3
473,7.42768920704,3.79590014059,-11.1076701936,-2.85206348492,2
474,0.0566275881557,2.72946511534,4.82532709024,-1.9089454948,1
475,8.89111682785,-8.02943832874,-1.1382724577,3.91362946729,3
476,8.82461769886,1.75627247011,-9.72630444481,-3.30812951114,2
477,8.86244807247,2.63687013964,-10.8177576831,-3.57505664329,2
478,5.18200709151,-8.88265121572,-8.61094432492,-3.92143963965,0
479,3.78377928391,-9.80239528406,-7.88747336724,-4.92264602192,0
480,7.11354519906,-10.6563831933,-5.90765402051,-7.5102579772,0
481,-2.07060474137,2.65462712673,3.93771955049,-3.27525883544,1
482,1.10155725141,3.7734097896,3.20598714906,-1.08142076205,1
483,0.254762958434,3.50823462217,3.42157264491,-2.68483100806,1
484,9.12259135828,2.55307654107,-8.64454664396,-2.65865550758,2
485,7.92668954003,-9.07028846457,-1.41960848441,4.02913262102,3
486,5.53654807718,-9.54839950514,-7.73250324011,-1.9948969604,0
487,9.49672529806,1.38781637803,-8.57216634197,-1.73125278519,2
488,9.48743062823,0.77301904177,-9.11517919865,-3.44873745656,2
489,4.26735950074,-9.90695541909,-8.12076991193,-3.66318521843,0
490,5.11934973327,-9.86071829859,-9.41908747752,-2.81875427644,0
491,5.18491461969,-9.4226108399,-7.86020085443,-4.44732633653,0
492,8.9306392004,0.842866421255,-9.23890338092,-1.66596114747,2
493,-0.715769838477,1.2159481472,1.74310285986,-2.71641189217,1
494,8.12966630242,1.13929529234,-9.73361612265,-2.24910398321,2
495,-0.0234040601999,4.97298028729,3.16920227356,-1.56921582145,1
496,7.97419654379,2.99848512132,-9.65563475516,-3.94544026105,2
497,8.66121663585,2.10602729989,-9.58720651928,-3.87067683799,2
498,5.93607864944,-9.80984245846,-8.30818234422,-4.08739332523,0
499,1.56593265017,2.93015247025,3.22959253607,-1.24849240559,1
500,4.07024236818,-7.76228892624,-9.18469626767,-5.34271792137,0
501,4.99176756693,-7.47785281383,-8.26133954674,-4.19400860356,0
502,8.90015098642,2.25006908191,-7.58231702689,-3.36623254768,2
503,6.11466110548,-8.15901916815,-7.04198280733,-5.53499505678,0
504,5.26577831347,-9.4755927807,-6.18489384696,-3.57729628494,0
505,1.86538360434,3.8625345657,3.45946190477,-3.68322305475,1
506,0.0499802266897,3.90662901112,3.13748261741,-1.63049847389,1
507,0.721129896431,3.91126843163,1.04615492726,-2.22216881393,1
508,1.39284838793,5.70772104538,3.55700665704,-2.3822560141,1
509,8.84637785268,-9.19955272936,-0.989374628141,4.00414648158,3
510,4.40243315331,-7.93530374682,-10.4560992356,-5.35898442185,0
511,8.55857424709,-7.70681799208,-1.50161131378,4.95822664247,3
512,8.67504379233,-8.01074401119,-1.90018548134,2.13095926374,3
513,4.69999735826,-9.30882170579,-6.16866593407,-5.83740540475,0
514,0.314115884236,2.06078982538,4.01999198987,-2.88600177162,1
515,0.114656568333,4.7807156026,2.80301966547,-1.70596422729,1
516,5.6121932794,-9.19594410966,-7.29090174601,-6.06041258824,0
517,9.03285520059,0.834871140009,-9.14836421026,-3.40378601815,2
518,8.54056186826,2.82366268156,-8.25771700344,-2.19268442207,2
519,0.416945016914,5.35737640286,1.67688888166,-2.68808280306,1
520,0.425352737548,4.77544954627,2.79603175925,-3.37182057321,1
521,5.17531752248,-9.72879258398,-6.38037828158,-4.65167556706,0
522,8.99576736187,-7.84659480334,1.14863831603,1.69389226132,3
523,10.020245186,-6.73976798664,0.263677871974,3.73271799114,3
524,7.61762426936,1.08714550673,-10.1298817523,-1.80150804094,2
525,9.24221657594,2.00141036811,-10.607328922,-3.74835545683,2
526,3.3268269354,-7.93059892038,-8.43586610677,-4.98013661449,0
527,8.85271426649,3.13008832243,-10.487045002,-1.03880942718,2
528,9.41848230283,-8.41998431923,-1.40535363258,3.41945810647,3
529,-0.360313965164,3.11890371696,3.57951895174,-2.7129765867,1
530,3.11030939461,-9.62748605758,-8.38918521271,-5.58692804761,0
531,9.22305655128,-8.94124112092,0.0887446990665,3.56689121887,3
532,-0.745788011196,2.55034261304,2.75205471728,-2.4859943714,1
533,0.673640190244,4.34633953848,2.45452590389,-1.81156734652,1
534,0.905405113977,3.24851872946,2.48479393838,-2.14019364311,1
535,3.54426400429,-8.59536319646,-7.75263088024,-4.68971033073,0
536,1.86811766425,3.85321913805,3.27689393882,-3.37077027754,1
537,8.11048809825,3.63500861085,-8.13919310126,-3.2604346113,2
538,9.4814893368,3.15902483346,-9.69966998556,-1.00033344065,2
539,1.72342663638,1.71538344074,1.610565624,-0.384639523234,1
540,4.79995256815,-8.67986556621,-6.94621766766,-1.98707482755,0
541,9.09169039439,-8.06059580473,-1.99354084439,3.3529929438,3
542,-0.0890225053454,4.68619856599,4.14945213922,-1.85487641056,1
543,5.11990108685,-8.80683969049,-8.16898381875,-4.34171799556,0
544,8.18490170483,1.98789098434,-10.4018236084,-1.40066521513,2
545,0.938159899089,3.5480047814,4.76480353516,-3.22575143619,1
546,0.31512012964,3.43132358288,3.37586851715,-3.67950896433,1
547,8.1399332347,-9.68549517553,-2.47410709433,4.75885559522,3
548,10.5965027958,2.70886152221,-8.68666471811,-1.86998044296,2
549,4.98943125966,-8.7493732761,-8.33700438036,-3.18545223374,0
550,3.66807726061,-10.1826465265,-6.07934580278,-5.75107819836,0
551,8.49287112276,2.33363879735,-10.2463341606,-1.3487423199,2
552,10.612542501,-9.69775314373,-1.95207091523,1.11947545383,3
553,10.9653706726,3.52128619053,-8.85183473736,-1.65297672089,2
554,8.46553233365,-9.40115350718,-0.843032100743,3.86383037026,3
555,5.01855115838,-9.1576266688,-8.5428223184,-4.23878368227,0
556,0.579854446606,0.692720492895,1.29760663657,-2.70376548776,1
557,8.90543772777,-7.99378239329,-1.67511596647,4.38824010505,3
558,0.277447951972,1.92076511312,2.22739529768,-2.36902324344,1
559,1.16040542167,4.48233450302,3.45117160719,-1.167825601,1
560,9.6128254933,1.74478764749,-8.50125117064,-2.06646838636,2
561,-0.761564932565,4.31827383449,0.932023353633,-3.08983385516,1
562,8.91124431378,1.58801444654,-9.57327466026,-4.01722513363,2
563,-1.2480960292,3.55790370562,3.32160408263,-0.88269735866,1
564,8.79791192722,-8.91928083423,-0.352642927495,3.11486508074,3
565,8.3694339876,0.247657792574,-10.4655122813,-2.35362054452,2
566,8.82065487529,-7.49983765737,-2.09987977283,2.86078149818,3
567,4.38752198359,-10.7476788379,-8.49409518731,-3.99156288648,0
568,8.98967744104,-7.97633798844,-0.301516984669,3.98658239898,3
569,2.74637851637,-9.23866727596,-7.75271675916,-3.3785771609,0
570,0.678959810679,2.91991716109,3.48038924101,-2.95954493589,1
571,8.98108082434,0.938783158065,-10.2734021092,-2.82250548654,2
572,8.79732667098,0.644728937276,-7.94833948357,-3.74918066477,2
573,-0.498489588225,2.7560848907,3.05000077263,-1.359088711,1
574,11.2661547317,-9.90424556778,-1.35975148281,3.64262005515,3
575,9.54974244278,3.74802721651,-10.4271278439,-2.07838506965,2
576,-0.0542274290051,4.13663352569,4.24275763769,-1.14005195055,1
577,3.11886447464,-9.64874559464,-8.44829187413,-5.37660002753,0
578,3.57065774479,-9.47854747314,-7.56658311264,-3.48192840931,0
579,9.39359625289,-10.2031555149,-1.90354743827,3.21742861367,3
580,1.39161598369,1.86055649757,2.08483438017,-1.63599477745,1
581,0.249464350426,4.4320368932,5.28354948138,-2.18400525533,1
582,9.76626776158,3.53568071809,-8.42279352328,-3.05351578535,2
583,9.14125585082,-9.579627472,-3.02805819461,3.42221122791,3
584,10.5389050674,-10.6386744234,-2.84270511634,2.40176094405,3
585,3.98331165887,-7.67633993839,-7.50790577802,-4.5487666017,0
586,8.46571862871,2.08819999769,-9.43909206309,-3.19470918093,2
587,4.62352468302,-8.68898324797,-6.45536987735,-5.73182629961,0
588,3.88837066047,-7.95938560236,-6.67790313769,-2.81562209947,0
589,9.76273242443,-7.57217744416,-1.24794219041,1.45305139204,3
590,-0.901863573659,2.71941979178,2.52948121808,-2.52437184344,1
591,3.17161917248,-9.64099240262,-10.1120007349,-5.59162360781,0
592,3.71505158039,-10.6541445679,-7.98093091391,-4.42008695368,0
593,5.0520407614,-7.03446257718,-9.10104145832,-4.75763244343,0
594,0.627533350901,3.86274043263,2.34508312459,-1.73241536547,1
595,10.6805147561,-9.21379019493,-1.03409947535,3.93145311957,3
596,9.48945566207,1.24664134092,-9.67139042703,-3.52311655418,2
597,0.352186206497,5.70006967783,3.21967829155,-2.57571088335,1
598,6.77997486822,-9.42928904923,-8.26203957274,-5.51871890925,0
599,7.37835718748,2.05358075479,-9.76254706019,-2.88735909486,2
600,8.43449887664,3.07102522442,-9.71022975257,-2.46142156163,2
601,4.49884095612,-8.80776733821,-9.28758042186,-4.99775973736,0
602,8.27897645712,2.00395266068,-7.28432294143,-2.08930290291,2
603,10.3867206213,-9.37621681296,-0.72461334936,2.51128265973,3
604,6.01711927576,-9.73530030067,-7.83566077757,-4.82630284467,0
605,9.26013905762,2.17407639649,-7.9142228211,-3.20765338032,2
606,4.36862886695,-9.84026693261,-8.20714036624,-5.33333695852,0
607,6.05166480547,-10.6901004961,-5.82154079213,-4.22886260666,0
608,0.454186470916,2.81143522158,2.20653888114,-2.39556874727,1
609,9.38220431655,-8.15401964288,-1.49018913181,3.82715861923,3
610,9.50838790229,-8.95416574317,-1.84853282663,2.37865148392,3
611,9.39230713152,-10.5640659013,-0.0375112206052,2.23419965914,3
612,10.3638172565,1.81640213608,-7.8440767039,-4.8471626865,2
613,9.5569852319,2.84994671235,-8.27117498126,-2.44640210339,2
614,3.81741443341,-9.68075523633,-7.45781912535,-3.7388727398,0
615,8.02308859073,-10.1987614129,-2.32877592057,3.65580581224,3
616,5.08317073737,-9.45726858141,-8.97769346817,-2.63958164865,0
617,9.63596612542,1.48989999538,-9.83327557821,-4.09134962224,2
618,9.30228929852,-8.37480621299,-0.60597887445,4.39483996767,3
619,9.03968994155,-7.24871830497,-1.44487768156,2.67111336677,3
620,-1.2730848691,3.76321583631,4.36732196643,-0.653734115054,1
621,-0.307811674615,0.646182513586,5.09570021589,-1.67235155132,1
622,8.95720957448,-6.85826188491,-1.53447318414,3.33309965349,3
623,9.12622965833,-6.7372391331,-0.683429166034,2.58920641272,3
624,4.24260418736,-10.0884980006,-7.05131780753,-5.412966047,0
625,9.83684577686,1.12419952502,-8.14323941673,-3.0849781482,2
626,1.58015963663,3.57618641713,3.67283427712,-2.20585421739,1
627,0.530273517492,3.20150331205,3.61134093961,-1.09238980589,1
628,10.1982100287,0.982447398826,-8.57043616712,-2.57743119287,2
629,4.45988771412,-8.76123177952,-6.16106890465,-4.677494499,0
630,7.46902956903,-9.15287832862,-1.76543991505,3.45231064559,3
631,0.634144658174,1.8890287893,4.10613081546,-1.65195779599,1
632,-0.457121984868,2.52076573043,3.0297867973,-3.79175272166,1
633,6.27480536857,-8.15953171569,-8.02388696469,-4.44496172964,0
634,8.29716854035,2.30626308462,-9.20689357235,-2.44381667801,2
635,8.46153620259,-8.5466661563,-0.680855045713,2.55437162418,3
636,4.69074572935,-9.0127923418,-6.81472956598,-6.50285016606,0
637,11.4556176085,-9.209203021,-1.62239414783,4.43762785064,3
638,5.53171551229,-9.69999536131,-6.88360559469,-5.30560087943,0
639,5.07556887307,-9.59140493705,-7.65660453233,-4.57982269559,0
640,10.0034405566,-8.67611544925,-1.6962049614,2.37245517566,3
641,8.30711381947,3.34678861267,-10.2024362454,-2.19118542799,2
642,9.37484629936,-9.61641963628,-3.34038212535,2.65301708857,3
643,7.07740860333,-9.69062989191,-7.43635353921,-3.3316673954,0
644,4.88540330201,-9.73359536508,-7.7607849081,-5.0711163079,0
645,5.81495409083,-8.52765978082,-8.08368927291,-5.83660687716,0
646,8.91725918285,2.4359122338,-9.29593187526,-0.899794530363,2
647,0.999466182436,4.06996727329,3.73090491067,-1.90837714224,1
648,4.17546390858,-10.5636327696,-7.29785431472,-5.3413867653,0
649,6.94387313505,1.85866204807,-9.3136125969,-2.83239438075,2
650,10.1736540514,-10.1724766949,-1.63328562293,3.112511225,3
651,8.27636398473,-7.34024973549,-2.02374369557,3.61896220824,3
652,10.4123678094,-7.98671622657,-1.10896299127,2.84294241947,3
653,11.276019619,-9.18831043659,-1.68045340863,4.07475941548,3
654,9.27625598841,1.70128324882,-11.0017971774,-3.64713149258,2
655,8.76386149908,2.95601886499,-10.3543458488,-3.23561628341,2
656,9.53980932284,-8.86879674841,-1.89257067689,3.70547372722,3
657,9.81213941499,-8.37915108932,-1.00767125484,2.87206878976,3
658,-0.841420224212,4.09851856549,3.54579813351,-2.46848963688,1
659,10.5152121282,1.50284973684,-10.9073804248,-3.39060538361,2
660,2.30470800346,3.69018485599,3.00221466158,-2.46358814963,1
661,8.08515868022,-9.56621452954,-1.93074199064,2.779394267,3
662,9.87785158142,-0.346997479766,-10.1460936905,-1.67007725813,2
663,5.07471114793,-10.0445475024,-6.05917083138,-3.63256600637,0
664,0.300903473576,3.65455968153,4.07919586401,-1.77732564066,1
665,8.96681923983,-8.0843124069,-1.32694248126,3.03199196614,3
666,9.14996393887,-7.89868547059,-1.50310785014,2.32615788888,3
667,9.17609875011,3.28778639791,-8.87970475676,-4.14356611651,2
668,10.1370320422,0.564325171918,-10.5427722102,-2.13776458873,2
669,7.90880430673,-9.25864569432,-2.70630646593,3.24976910053,3
670,5.36330151357,-10.4688939041,-7.52122294109,-4.88601530997,0
671,-0.558880205983,3.89095714137,3.38810369903,-3.50066107929,1
672,5.94817238784,-9.92510892456,-6.94731555573,-5.38267866935,0
673,4.76382947077,-9.69717274761,-8.60915036401,-5.22304074262,0
674,0.570840295147,5.22306180205,3.85113790914,-0.200535266566,1
675,9.87093839718,2.72811640323,-9.57534897761,-0.648911448938,2
676,0.36053452011,3.19372039429,3.21696761984,-0.0823790017113,1
677,0.506485234526,5.40034352759,3.13019169191,-1.89536733632,1
678,8.08836825872,2.70033451703,-9.8340084058,-3.9252879405,2
679,5.86482420654,-8.18333374248,-6.81339090716,-3.96420662978,0
680,4.56030763954,-9.99768933215,-8.1133692197,-5.02207854836,0
681,9.82242461163,-9.58858144926,-1.86987685864,4.73168477035,3
682,4.47399718493,-8.81211707199,-8.19811950316,-2.92304964199,0
683,5.40258301623,-9.88979443811,-8.11116109785,-5.78842267073,0
684,4.73488074216,-9.68444751005,-6.61596404705,-3.28199767337,0
685,9.36950870309,-8.37126127384,-0.0251272094413,3.69539795244,3
686,8.15992499865,-9.18766866412,-2.15596249101,4.03945869065,3
687,9.0361121514,1.37272963589,-10.0037704254,-3.39589212448,2
688,-0.819071085659,4.64913219017,2.01686719757,-4.13903348305,1
689,8.68563468071,1.58533355768,-7.81253291415,-1.93972462688,2
690,-0.686255117983,2.99016237868,3.87324640381,-4.51210069417,1
691,3.25159565509,-9.38664064695,-7.57805499469,-5.1695390979,0
692,2.68636391337,-10.0660328601,-5.96252008572,-3.21568729527,0
693,8.26912873111,-0.526146826693,-10.7771483667,-3.33647675178,2
694,9.56555599742,0.440819217991,-8.02927907134,-2.65485845753,2
695,8.90950366532,-9.11457175078,-0.625123621198,3.14371207284,3
696,1.4321305347,3.73374581896,2.55946907569,-1.99396714808,1
697,-1.91721773735,4.62953540938,6.22697728082,-3.00795593362,1
698,1.28191815509,2.67111016336,5.24295655044,-3.06720143548,1
699,5.35143889633,-8.53304939148,-7.92713276953,-5.50762384991,0
700,0.921382990916,3.90952300848,3.74583106817,-1.03806870509,1
701,6.40486613443,-9.24209226616,-1.72943702458,2.69960485488,3
702,9.39488967658,-9.67083904485,-0.501828990643,3.72734901484,3
703,1.58290122382,4.74747323071,2.4468658073,-2.80422741584,1
704,7.91686700337,2.53360235592,-9.82309390057,-4.52159403829,2
705,9.07940576303,1.12662822656,-9.86119263562,-3.62060407246,2
706,0.0160063107784,2.45864538258,3.54715352551,-3.34722674361,1
707,3.88042957301,-9.27548601914,-8.96364884237,-4.24334665892,0
708,9.53382921653,0.352913005913,-9.54058960725,-3.82973005136,2
709,0.0935486220807,4.42174338434,3.88477209357,-3.26569796405,1
710,-0.66394268894,5.0273701667,3.43141667823,-0.753731613406,1
711,1.72420842846,4.11468944309,2.3220689006,-1.43264399579,1
712,9.66865428343,3.23621097573,-9.62402490578,-1.96079613431,2
713,0.691664640201,3.53403671928,3.13474413918,-2.93914682794,1
714,8.9361736201,-8.91425750164,-1.73757806815,3.95605497624,3
715,9.34515863982,1.21544898413,-9.52213274657,-0.975748516711,2
716,4.66073611695,-7.64895787163,-6.56480245182,-4.07480810815,0
717,0.125050540098,2.80732834963,1.8433791109,-1.22414730251,1
718,9.60116395725,1.93603191967,-9.45962179464,-2.65699409183,2
719,8.1393991408,-7.77047987929,-1.08331281759,4.19797604878,3
720,10.0720931021,-7.33349462048,-1.29696480303,3.78838342021,3
721,0.894414288715,4.71759628915,2.01802395893,-1.79225078488,1
722,5.50403801044,-10.1879708937,-7.54768875716,-3.08940382788,0
723,2.96475962849,3.49989186595,2.63871688589,-2.36547670426,1
724,0.579468443602,4.14053023444,4.23923354477,-2.09530614596,1
725,0.190211523621,2.42301683162,3.26485683786,-1.58126567797,1
726,1.62416252523,3.07689535183,3.83036124767,-2.18172510135,1
727,1.05632215306,3.26223251684,3.26197814112,-0.687248930039,1
728,8.4588164143,5.09744606592,-9.83878951204,-2.9280208744,2
729,0.242750966286,3.77067982322,4.44242470323,-2.08207521988,1
730,9.81782446066,1.77969467822,-8.8333312044,-4.56601063445,2
731,1.33042406484,4.4389019547,2.61892875389,-2.09932254383,1
732,4.13019425591,-10.5152020531,-7.20997609269,-4.27977806747,0
733,1.32425512784,4.74680394151,4.14817566581,-2.21013155927,1
734,6.21955854901,2.56867826407,-9.10784413052,-4.04850177406,2
735,3.15683842327,-10.3438527092,-7.10115483607,-4.68948391997,0
736,9.11078089732,0.77457388344,-11.2765066252,-1.71402823626,2
737,7.86304182318,-8.30319410454,-1.47487883198,3.94880095978,3
738,10.1017000482,-9.23072050781,-0.785226737276,2.99817805098,3
739,10.1637293758,2.1501844648,-8.55984888678,-3.61252803771,2
740,9.1309988555,2.03786808233,-7.13309842708,-3.63816958379,2
741,8.93845453555,-8.96697930664,-2.3817300507,2.77620972452,3
742,8.19827281531,1.88230204506,-9.8378594347,-4.56699523899,2
743,9.31078834681,-10.2258142466,-1.26541254614,2.92632414648,3
744,8.48843261882,5.02740447849,-9.08560359787,-2.43933690486,2
745,8.58547526286,1.78706328501,-7.45452176498,-1.96049945713,2
746,9.0020101596,1.97636950041,-9.97569543463,-3.45074124421,2
747,8.42839045841,0.316466631921,-10.1348471374,-3.52468697272,2
748,-0.876514122851,3.69299814251,3.95577580993,-2.6790013173,1
749,0.387219715502,3.72944432264,3.39615998459,-1.81963799967,1
750,8.9657518893,2.85601793032,-10.1506944099,-3.82431361371,2
751,5.01358357758,-9.18762775063,-8.52436602752,-3.3026794808,0
752,-0.321194525767,7.278836574,4.37167409041,-1.97716118129,1
753,8.39685542002,-9.70050112566,-1.18768052077,2.25098719435,3
754,0.435835332493,4.03207575,3.36293677777,-3.56918821123,1
755,0.793696318784,4.35188694916,2.62547757799,-0.838974639893,1
756,7.4097987571,-9.11171359537,-2.19791724157,4.09664816402,3
757,0.0399717334443,3.24697772737,2.1990938871,-2.9830895838,1
758,8.87081061928,-9.81907104291,-1.0999775807,5.24689886927,3
759,8.56130524939,-9.20056644664,-0.430953719533,2.66380612335,3
760,0.678373969,2.61707672008,2.34538523603,0.113130944017,1
761,9.62114246201,1.84826194816,-8.59906806598,-4.61592816479,2
762,4.45710482835,-9.51947644505,-8.53300701704,-3.16445979502,0
763,11.1388082735,-8.78101907795,-2.66078070053,2.51890490632,3
764,6.86035869941,-7.64327508753,-8.95738382289,-3.57200852177,0
765,1.84421421537,-10.8109832961,-7.65290508586,-5.41855733383,0
766,4.41239528514,-10.6743646034,-7.21605670414,-3.51165168566,0
767,5.10656020542,-9.77782006629,-6.7986015537,-4.45516584456,0
768,-0.083438696675,4.36057214141,3.3578884365,-3.76507465924,1
769,8.64436893052,1.41734050706,-9.4495473916,-2.12415996175,2
770,8.5538540885,-8.53865520466,-0.969189668956,5.50220310472,3
771,0.290766316355,4.16748123816,4.55027692066,-2.5232033278,1
772,-0.501513420282,4.20210406065,2.76858148707,-3.09183154645,1
773,8.11269250384,-8.69956409129,-0.796961017285,2.65230564332,3
774,10.2510752913,-7.77900385648,-1.48339035454,3.03694896544,3
775,6.94692153141,1.37860610891,-8.65378853289,-3.8204310152,2
776,9.58177864343,-9.75860237496,-2.11056915331,3.73823042756,3
777,4.72424389796,-10.0562706748,-8.07885469354,-6.25569308885,0
778,8.32464322308,-10.847341762,-1.23358083655,4.64482639024,3
779,-0.109255057991,3.6418516718,2.08500781576,-3.19858521578,1
780,8.04287740239,2.13893574828,-9.86952923522,-2.92362339837,2
781,10.6805387797,-8.92210848785,-0.89092791168,4.54263056968,3
782,7.86788334641,-8.86938871992,-0.1385688143,3.6811838775,3
783,8.68001599652,2.23036181766,-10.8091780651,-1.34616910298,2
784,10.2632272231,-8.61942694548,-2.30283259819,2.47181622585,3
785,10.1991513297,-8.36913132223,-3.66325139324,4.62371475177,3
786,4.23009425376,-9.06689517918,-7.48404386682,-4.12573728885,0
787,8.69611497345,-8.02856125641,-1.75795537862,3.88118096002,3
788,9.94432493913,-9.28821784649,-3.73249440332,4.9416425007,3
789,7.8656989828,1.26718067344,-7.36808758956,-2.93830221137,2
790,1.23946602529,3.94810356847,4.1421228956,-1.62749031875,1
791,0.621532468334,3.64798798831,4.44496402708,-2.60781701177,1
792,8.26288937737,-8.09724882562,-0.372465053307,1.11725204489,3
793,8.49193410421,3.56943343091,-10.9498770661,-2.12598899966,2
794,5.98724645632,-8.10664455176,-9.40787246719,-4.44812294841,0
795,-0.197794873254,2.72804208597,4.3622344224,-2.55698802912,1
796,10.7625394716,-8.50714135137,-2.89289291795,3.49504401766,3
797,7.82724602065,-10.7601918793,-3.02112686062,4.58017509462,3
798,4.24153706715,-9.14732112293,-9.17272325433,-4.43229791484,0
799,4.84399539872,-11.040423214,-6.65936081374,-4.71970637334,0
800,0.097590758263,3.48204692397,2.47315575628,-5.30743781217,1
801,8.51038980723,-7.83900120498,-2.10709978941,1.71309482956,3
802,9.87940421948,2.31612520123,-7.41274505911,-0.152392259268,2
803,10.3086912423,-6.98557035223,-1.5546254594,2.3608268357,3
804,3.51211812753,-8.11373432486,-8.56274295041,-2.72889135984,0
805,0.367634256113,4.25113715091,2.16491734945,-2.34968022084,1
806,1.0430223524,3.67213777148,7.40045663252,-3.49275894056,1
807,9.5141402743,3.12746622392,-9.85228653223,-3.85758909619,2
808,8.6875978192,-8.05482662161,-0.00297928064274,4.56059479726,3
809,4.52600064861,-10.1767598446,-7.38688526255,-4.11376440495,0
810,9.41298994064,1.84178655028,-10.3227913133,-3.24456476055,2
811,10.0185596939,-8.71829249879,-1.37451121038,3.31897948371,3
812,-0.25100652901,5.50970146487,5.92276787022,-2.5613450346,1
813,1.31686448257,2.62739092147,3.71784098022,-2.27169659122,1
814,10.3426419124,2.38176652452,-9.26379731643,-2.13538676427,2
815,3.57106137962,-10.2604057159,-6.27708751424,-4.69270322576,0
816,6.69636960534,-10.4644599857,-8.16626103564,-3.50360416767,0
817,8.12452120536,0.894627694882,-11.7382489671,-2.79285037736,2
818,9.82780618474,3.20804808561,-8.44693992166,-2.70204464724,2
819,7.35142421129,-9.89569854351,-1.8534684271,2.97523155969,3
820,0.722830042466,4.29820673389,2.2112374324,-3.32505682195,1
821,3.64165873092,-8.577717925,-7.84435596382,-3.24337228411,0
822,4.51452289075,-10.1774565662,-6.92560033736,-3.64452603844,0
823,7.74550875148,-8.52057445945,-0.38618128089,4.73083554298,3
824,5.14398928039,-9.17751802433,-6.8927111118,-3.8512975624,0
825,8.03603564081,2.85771497202,-9.33238099284,-3.75223034354,2
826,9.51050293574,-0.159324661466,-9.74406637681,-1.94153090959,2
827,2.39827184724,-10.7868661081,-7.70941356606,-5.66247377485,0
828,1.0152296077,2.97551662603,2.25576132455,-0.322765787274,1
829,10.8231390293,-9.04836876007,-2.91078818873,4.28478294357,3
830,9.10138201616,0.810487748426,-9.27581185609,-2.11227351208,2
831,7.46987483344,-9.11370936499,-2.46467424765,3.64357678283,3
832,10.4616190832,-7.9841709236,-2.23157508245,2.9513125952,3
833,7.51439627146,-8.67123662965,-0.577774320179,4.41910669321,3
834,4.25958243941,-8.03173843262,-7.64410371013,-4.56577707841,0
835,6.15016068739,-11.0789121514,-7.84000488159,-5.09000691036,0
836,8.55589648527,-8.97433748935,-2.0099859957,3.88022881767,3
837,10.1834673346,1.50442787951,-11.1837275877,-3.25801834808,2
838,1.59010422901,4.53293173991,4.13329560521,-2.06835204746,1
839,10.4637233616,-7.09886531257,-1.63494901547,3.55556267239,3
840,9.43849806268,1.88915664747,-10.6814695261,-3.36085684018,2
841,7.86761414775,2.11742241628,-9.74509264928,-2.97741620249,2
842,9.06296619292,2.99713137768,-10.9531274367,-3.78151512836,2
843,9.41295851719,-8.5937546005,-2.19952938785,2.63336745835,3
844,8.17192026034,3.12323168401,-9.91903530827,-4.63447410192,2
845,0.445547813833,6.62879307596,3.74740773897,-1.73995728202,1
846,1.37456648202,2.15266341729,3.45779080806,-3.32466677312,1
847,6.09695043576,-8.40697954456,-0.831259807944,3.59435371746,3
848,2.85851250163,-7.46681669975,-6.78545658954,-3.71631027293,0
849,0.831827949487,2.90401806427,2.29731591789,-2.24208667389,1
850,9.09581117326,-8.94065799331,-1.8551150516,2.66718526682,3
851,8.81673854134,2.93142605671,-9.34944758922,-2.04836153874,2
852,8.62555196352,-8.4384933012,1.45411242257,5.58720157882,3
853,8.84758587689,-10.2509628845,-0.562194362928,3.9070737299,3
854,8.92577373063,-7.04643150693,-1.6235519135,1.16191042378,3
855,5.22617363808,-8.365842408,-8.55799620748,-3.31302548135,0
856,4.84396969089,-8.848904592,-7.75114675393,-5.23073099469,0
857,3.81293383563,-10.1993240194,-8.94876323176,-4.81253431579,0
858,10.0745700604,-8.53564935246,-2.40901335915,3.08612295419,3
859,9.24673697282,-7.68615379612,-0.844308548419,3.75729195615,3
860,1.1494321812,3.33292929861,3.72654141537,-1.15449720825,1
861,9.21465216668,-8.89060248202,-0.1401978899,1.78444659605,3
862,8.33502582952,-7.87608074001,-1.20898968473,4.88502312787,3
863,1.37108403793,2.44304527599,4.67347483673,-2.34580262164,1
864,9.58205865472,0.986205368263,-8.64427912362,-1.67613489635,2
865,5.7063302505,-8.50462142918,-5.5001639712,-5.1753415512,0
866,11.5591910166,-9.83876350386,-3.21998551041,3.39317802616,3
867,4.87035747374,-9.34912175578,-9.73227924841,-4.25913739038,0
868,9.40250744148,1.30496703699,-9.53733481298,-3.31748568473,2
869,8.97774118102,-8.41232940086,-1.47325533104,2.41075926372,3
870,-1.4973434017,5.17767490194,3.30440432934,-2.60589179762,1
871,8.29673502299,0.898525013512,-8.20511256411,-2.22483678189,2
872,6.46081151707,-9.11575568566,-8.6349218271,-4.62459683146,0
873,1.14413588059,6.8475906431,3.41256665397,-2.1188538978,1
874,8.33453022469,2.8346362411,-8.93451094955,-2.10601705491,2
875,2.48551495689,-10.2946937554,-9.04815554063,-4.34046646298,0
876,0.46355529236,3.7903543656,3.81680691104,-2.30486067137,1
877,9.25692545091,0.583869526846,-9.92974177951,-1.60135784348,2
878,0.499617522971,4.61405654778,2.99464246855,-2.27259673763,1
879,1.1550437152,2.98195403119,3.71764626845,-2.66381297668,1
880,9.12852823192,3.57010874854,-9.29422941871,-4.82689664281,2
881,1.36600650956,3.7195049546,3.41298839275,-1.44825086207,1
882,0.348832770278,2.7893110121,3.33514570606,-1.57015344248,1
883,5.47006702665,-10.5676998564,-7.41334021125,-6.48931243496,0
884,9.86134778143,-9.7326252283,-2.53537834571,2.74484087073,3
885,10.2800379928,-7.09833312695,-0.884685341172,2.90388390662,3
886,9.80238701166,2.00149827901,-6.88417534503,-1.78220115375,2
887,5.1699085666,-9.44268963563,-8.1779609336,-4.89499125841,0
888,0.339528396942,4.28650369345,3.22383839877,-1.40979411179,1
889,0.869330524356,3.19373520118,2.10840852137,-4.12056229821,1
890,5.36733196769,-9.67581565639,-8.30451884534,-4.49996203281,0
891,9.7675511222,-7.23769197621,-0.959919612994,4.31691018462,3
892,8.46296960111,-9.18677227953,-1.02240378273,4.36365419568,3
893,2.765946226,-9.39890501819,-6.53463860876,-5.54064160004,0
894,1.6454939122,2.92579833171,4.62695183659,-2.77930547866,1
895,3.03290655504,-10.4327306647,-7.66143383148,-2.82364020816,0
896,8.52556170235,2.35444530411,-8.10055870769,-1.66820268351,2
897,8.74450896641,1.71076469959,-10.2694843833,-3.26379718999,2
898,0.833378524364,2.97666384346,4.71005786203,-2.57692856263,1
899,10.3766913631,2.10100686012,-8.7807728743,-3.3990953358,2
900,0.470811893834,1.66345516555,3.09824861928,-1.76331625137,1
901,4.22916283333,-8.4645304556,-7.74482675704,-4.56976510578,0
902,0.0465124529887,2.47363909697,3.93151105161,-3.05338955313,1
903,8.25674725481,-7.87880519839,-2.53128434301,3.14266845012,3
904,-0.540316586635,2.17901131705,4.65359633808,-2.10317308001,1
905,4.73923542379,-9.50998817149,-7.78235940226,-6.33844310914,0
906,8.81528204589,4.39829522709,-10.0393966787,-0.0477779093295,2
907,8.09267687007,0.751467352663,-8.32445484981,-1.79032744354,2
908,10.2886778733,1.34841227396,-9.97811944673,-2.92856753583,2
909,3.31944287157,-8.62705429966,-8.57782549768,-4.95859987813,0
910,4.13923135861,-10.0415666869,-7.42629771409,-5.47583846186,0
911,8.84092899453,-8.98395694448,-0.532343279881,3.05300592151,3
912,4.42821633917,-10.2138147635,-6.95414942057,-4.99641085303,0
913,3.43589555634,-8.47182061771,-8.35518057421,-2.68648612911,0
914,8.21697549774,-7.21704349374,-2.65364473075,2.95215843749,3
915,4.38054891496,-9.49257360849,-7.9209297106,-3.8249294532,0
916,1.42082692116,3.03797502079,1.62880337932,-2.80660890594,1
917,5.59731034746,-8.59989041954,-7.86318286311,-4.38807423572,0
918,3.7371840936,-9.73171881136,-7.83129589951,-3.90380448077,0
919,3.22844500684,-11.919165214,-7.58802960823,-3.92768555554,0
920,9.87187096093,-10.0531887716,-1.09046201368,4.28129842328,3
921,9.30854012483,-8.30260041859,-0.391153079782,5.32927042415,3
922,8.75735179918,3.76587114372,-9.22982694827,-1.37124450658,2
923,3.03156594381,-9.07774306838,-9.3558520762,-4.27262761702,0
924,0.0361197008342,2.74932187172,3.30293644162,-2.1547977316,1
925,5.21553434554,-9.83538457572,-8.0396825453,-4.91848177063,0
926,4.80973927888,-8.94689845178,-8.70276814971,-4.68187525261,0
927,7.98701077339,-7.40926929953,-3.01266056705,3.46358991099,3
928,5.04663739869,-9.53306494785,-5.75570566946,-2.94336900018,0
929,-0.71519506803,3.86832443009,4.01855400969,-3.63815506609,1
930,3.53416481513,-9.65666918866,-7.39313799937,-4.31671787848,0
931,8.50493870568,-8.74077099892,-0.854698645727,2.29692693772,3
932,8.12854410763,-8.57677077642,-0.913997467239,1.97694830136,3
933,10.1008966491,0.952487030705,-8.85550733408,-2.8519800126,2
934,9.49658093787,-8.81008229984,-1.54308849996,2.44166008702,3
935,-0.0656326453161,3.14918876872,1.98182642293,-2.46725515947,1
936,-0.833523657446,3.29915388454,2.39599661115,-2.17302232677,1
937,1.26397794954,3.53414711167,2.28453067954,-1.97625760988,1
938,-0.524100803619,3.30196249239,4.82121490587,-0.741414562967,1
939,9.23514456841,-9.44099513719,-1.69422174684,3.29292201477,3
940,9.65056019506,1.61574361848,-9.09985377919,-3.30182537808,2
941,9.21300011328,1.14771471213,-9.70274996563,-2.46532655004,2
942,-0.782192637158,3.56884801571,4.69644844273,-2.38817911244,1
943,4.45043162744,-8.61982292349,-8.05643853339,-4.12089333655,0
944,8.68905995416,1.41546376589,-8.79809246963,-3.12228019335,2
945,7.05427372865,-9.78962720053,-6.94035868335,-3.62881003142,0
946,9.54741519351,1.72480402012,-11.3129534318,-2.5130079301,2
947,9.56320733519,-7.45688400062,-0.445715066392,3.29414481182,3
948,9.33781333871,-8.80931656153,-3.48236892606,1.76738294399,3
949,9.17767879894,-7.86984813381,-2.21077139928,3.07892054168,3
950,-0.953439305347,2.71855161899,3.64667996099,-3.31035803157,1
951,3.77172768468,-9.4436754053,-8.02035825502,-4.02282698353,0
952,-0.465695380483,2.95696579674,2.90389957851,-4.8871036599,1
953,9.55363785101,-9.40474114373,-2.57141494783,4.31016255745,3
954,4.66044141358,-11.5989092323,-8.65202339368,-3.90933193776,0
955,9.676318161,-8.80210031503,-2.95966495866,2.46219881772,3
956,-0.171807618985,3.91201891612,3.59221855922,-1.4270766469,1
957,9.36763657129,1.93752424686,-9.91293718611,-2.5620117347,2
958,8.8670939896,0.255905759627,-9.34813600137,-2.29619761035,2
959,7.80906107991,-8.30653094599,-0.84059297031,2.68248423106,3
960,-1.0977217143,3.81230766971,2.31201467663,-1.20405644328,1
961,4.84030236659,-11.0611496043,-6.55458094414,-4.50003518391,0
962,4.28424587704,-10.8987295496,-7.21381415371,-4.306148638,0
963,9.39993482785,2.73364645949,-9.55833809895,-2.20297606314,2
964,0.285075954723,3.4944719482,3.17233023731,-1.57389324184,1
965,0.353268864634,1.75931548377,3.67136940307,-3.26540174404,1
966,9.73276947636,-7.87041766365,-0.0325405003134,2.33282097718,3
967,-0.88656042977,5.50745190203,5.25026547001,-2.92326913511,1
968,0.487167506355,3.67084912833,3.80460052755,-2.25627037942,1
969,9.37468263772,2.74824996025,-11.0627807176,-1.8657338801,2
970,8.26121357091,-7.26953516859,-2.64106926101,3.02437683903,3
971,4.86923847198,-9.27169636963,-8.57044817652,-5.27256416326,0
972,9.05404377297,-8.2617004511,-1.20893075956,2.21531122269,3
973,9.28645914619,0.53117883605,-9.22764618894,-3.00464607518,2
974,9.65623484182,-8.03789317346,-1.62798447299,4.28544093814,3
975,5.8606792061,-9.28221717402,-5.91911176376,-3.94439743162,0
976,-0.359684205693,2.22074298136,3.07898088583,-2.18071546507,1
977,5.27276648941,-9.24660361239,-7.80195711338,-2.95677034741,0
978,8.90673282926,-7.03323449639,-0.553932381132,3.68571483024,3
979,7.78032082589,2.06768897068,-8.59451543266,-2.14945207918,2
980,8.85425648949,1.71666013395,-7.6623473072,-2.35423223089,2
981,9.44844755861,1.53025764411,-9.64153609763,-2.45268930589,2
982,8.98303498932,-10.4094887569,-0.202946451272,3.32354097384,3
983,7.46857943731,-10.2699040522,-0.265358356717,2.28795653834,3
984,3.69813044054,-8.03185445397,-7.9299712145,-3.75802496369,0
985,8.70981659534,-7.54417395308,-0.0140276182924,5.12116695367,3
986,4.57414462319,-9.03790332128,-7.53793038676,-3.48182266153,0
987,8.29484799021,-8.71908858125,-1.38637726033,2.36450090118,3
988,8.8985869001,1.67895315354,-8.17241057766,-3.60148344604,2
989,0.294267344189,2.65702652935,4.61788127261,-1.03949535232,1
990,9.0519289855,2.22623497556,-9.20268910255,-1.17736028696,2
991,0.638399816417,1.13134739649,2.50955470733,-1.82398767107,1
992,7.67530103189,1.61091916626,-10.5911616551,-2.62090794223,2
993,5.34619357138,-9.20818156265,-6.6312229245,-4.33404734243,0
994,10.9608944324,2.30872949733,-8.37249022577,-1.56953363631,2
995,-0.591963840116,5.80183386345,3.36364586634,-1.56063228473,1
996,5.46706899046,-10.4830376839,-7.28654917909,-5.83746872645,0
997,4.61717223642,-10.4294118729,-5.86029031445,-3.70368369827,0
998,8.86634693722,-7.50038753136,0.459179118763,3.40743805039,3
999,8.91023222686,1.20083824404,-10.2590713593,-1.51491541384,2
